CPT_code,Description,Group
86152,Cell enumeration &id,CLINICAL LABORATORY SERVICES
86153,Cell enumeration phys interp,CLINICAL LABORATORY SERVICES
86890,Autologous blood process,CLINICAL LABORATORY SERVICES
86891,Autologous blood op salvage,CLINICAL LABORATORY SERVICES
86927,Plasma fresh frozen,CLINICAL LABORATORY SERVICES
86930,Frozen blood prep,CLINICAL LABORATORY SERVICES
86931,Frozen blood thaw,CLINICAL LABORATORY SERVICES
86932,Frozen blood freeze/thaw,CLINICAL LABORATORY SERVICES
86945,Blood product/irradiation,CLINICAL LABORATORY SERVICES
86950,Leukacyte transfusion,CLINICAL LABORATORY SERVICES
86960,Vol reduction of blood/prod,CLINICAL LABORATORY SERVICES
86965,Pooling blood platelets,CLINICAL LABORATORY SERVICES
86985,Split blood or products,CLINICAL LABORATORY SERVICES
0008M,Onc breast risk score,CLINICAL LABORATORY SERVICES
0011M,Onc prst8 ca mrna 12 gen alg,CLINICAL LABORATORY SERVICES
0012M ,Onc mrna 5 gen rsk urthl ca,CLINICAL LABORATORY SERVICES
0013M ,Onc mrna 5 gen recr urthl ca,CLINICAL LABORATORY SERVICES
0016M,Onc bladder mrna 209 gen alg,CLINICAL LABORATORY SERVICES
0017M,Onc dlbcl mrna 20 genes alg,CLINICAL LABORATORY SERVICES
0018U,Onc thyr 10 microrna seq alg,CLINICAL LABORATORY SERVICES
0019U,Onc rna tiss predict alg,CLINICAL LABORATORY SERVICES
0021U,Onc prst8 detcj 8 autoantb,CLINICAL LABORATORY SERVICES
0022U,Trgt gen seq dna&rna 23 gene,CLINICAL LABORATORY SERVICES
0023U,Onc aml dna detcj/nondetcj,CLINICAL LABORATORY SERVICES
0024U,Glyca nuc mr spectrsc quan,CLINICAL LABORATORY SERVICES
0025U,Tenofovir liq chrom ur quan,CLINICAL LABORATORY SERVICES
0026U,Onc thyr dna&mrna 112 genes,CLINICAL LABORATORY SERVICES
0027U,Jak2 gene trgt seq alys,CLINICAL LABORATORY SERVICES
0029U,Rx metab advrs trgt seq alys,CLINICAL LABORATORY SERVICES
0030U ,Rx metab warf trgt seq alys,CLINICAL LABORATORY SERVICES
0031U,Cypia2 gene,CLINICAL LABORATORY SERVICES
0032U,Comt gene,CLINICAL LABORATORY SERVICES
0033U,Htr2a htr2c genes,CLINICAL LABORATORY SERVICES
0034U,Tpmt nudt15 genes,CLINICAL LABORATORY SERVICES
0035U,Neuro csf prion prtn qual,CLINICAL LABORATORY SERVICES
0036U,Xome tum & nml spec seq alys,CLINICAL LABORATORY SERVICES
0037U,Trgt gen seq rgt gen seq dna 324 genes,CLINICAL LABORATORY SERVICES
0038U ,Vitamin d srm microsamp quan,CLINICAL LABORATORY SERVICES
0039U,Dna antb 2strand hi avidity,CLINICAL LABORATORY SERVICES
0040U ,Bcr/abl1 gene major bp quan,CLINICAL LABORATORY SERVICES
0041U,B brgdrferi antb 5 prtn igm,CLINICAL LABORATORY SERVICES
0042U,B brgdrferi antb 12 prtn igg,CLINICAL LABORATORY SERVICES
0043U,Tbrg b grp antb 4 prtn igm,CLINICAL LABORATORY SERVICES
0044U ,Tbrf b grp antb 4 prtn igg,CLINICAL LABORATORY SERVICES
0045U,Onc brst dux carc is 12 gene,CLINICAL LABORATORY SERVICES
0046U,Flt3 genie itd variants quan,CLINICAL LABORATORY SERVICES
0047U ,Onc prst8 mrna 17 gene alg,CLINICAL LABORATORY SERVICES
0048U ,Onc sld org neo dna 468 gene,CLINICAL LABORATORY SERVICES
0049U,Npm1 gene analysis quan,CLINICAL LABORATORY SERVICES
0050U,Trgt gen seq dna 194 genes,CLINICAL LABORATORY SERVICES
0051U ,Rx mntr lc-ms/ms ur 31 pnl,CLINICAL LABORATORY SERVICES
0052U,Lpoprtn bld w/5 maj classes,CLINICAL LABORATORY SERVICES
0053U,Onc prst8 ca fish alys 4 gen,CLINICAL LABORATORY SERVICES
0054U,Rx mntr 14+ drugs & sbsts,CLINICAL LABORATORY SERVICES
0055U,Card hrt trnspl 96 dna seq,CLINICAL LABORATORY SERVICES
0056U,Hem aml dna gene reargmt,CLINICAL LABORATORY SERVICES
0058U,Onc merkel cll carc srm quan,CLINICAL LABORATORY SERVICES
0059U,Onc merkel cll carc srm+/-,CLINICAL LABORATORY SERVICES
0060U ,Twn zyg gen seq alys chrms2,CLINICAL LABORATORY SERVICES
0061U,Tc meas 5 bmrk sfdi m-s alys,CLINICAL LABORATORY SERVICES
0153U,Onc breast mrna 101 genes ,CLINICAL LABORATORY SERVICES
0154U ,Onc urthl ca rna fgfr3 gene,CLINICAL LABORATORY SERVICES
0155U,Onc brst ca dna pik3ca gene,CLINICAL LABORATORY SERVICES
0172U,Onc sld tum alys brca1 brca2,CLINICAL LABORATORY SERVICES
0174U,Onc solid tumor 30 prtn trgt,CLINICAL LABORATORY SERVICES
0177U,Onc brst ca dna pik3ca 11,CLINICAL LABORATORY SERVICES
0179U,Onc nonsm cll lng ca alys 23,CLINICAL LABORATORY SERVICES
0202U,Nfct ds 22 trgt sars-cov-2,CLINICAL LABORATORY SERVICES
0204U,Onc thyr mrna xprsn alys 593,CLINICAL LABORATORY SERVICES
0208U,Onc mtc mrna xprsn alys 108,CLINICAL LABORATORY SERVICES
0223U,Nfct ds 22 trgt sars-cov-2 ,CLINICAL LABORATORY SERVICES
0224U,Antibody sars-cov-2 titer(s),CLINICAL LABORATORY SERVICES
0225U,Nfct ds dna&rna 21 sarscov2,CLINICAL LABORATORY SERVICES
0226U,Svnt sarscov2 elisa plsm srm,CLINICAL LABORATORY SERVICES
0229U  ,Bcat1 promoter mthyltn alys,CLINICAL LABORATORY SERVICES
0230U  ,Ar full sequence analysis,CLINICAL LABORATORY SERVICES
0231U,Cacna1a full gene analysis,CLINICAL LABORATORY SERVICES
0232U,Cstb full gene analysis,CLINICAL LABORATORY SERVICES
0233U ,Fxn gene analysis,CLINICAL LABORATORY SERVICES
0234U,Mecp2 full gene analysis,CLINICAL LABORATORY SERVICES
0235U,Pten full gene analysis,CLINICAL LABORATORY SERVICES
0236U,Smn1&smn2 full gene analysis,CLINICAL LABORATORY SERVICES
0237U,Car ion chnlpthy gen seq pnl,CLINICAL LABORATORY SERVICES
0238U,Onc lnch syn gen dna seq aly,CLINICAL LABORATORY SERVICES
0239U,Trgt gen seq alys pnl 311+,CLINICAL LABORATORY SERVICES
0240U,Nfct ds vir resp rna 3 trgt,CLINICAL LABORATORY SERVICES
0241U,Nfct ds vir resp rna 4 trgt,CLINICAL LABORATORY SERVICES
0242U,Trgt gen seq alys pnl 55-74,CLINICAL LABORATORY SERVICES
0244U ,Onc solid orgn dna 257 genes,CLINICAL LABORATORY SERVICES
0245U,Onc thyr mut alys 10 gen&37,CLINICAL LABORATORY SERVICES
0246U,Rbc dna gnotyp 16 bld groups,CLINICAL LABORATORY SERVICES
0250U,Onc sld org neo dna 505 gene,CLINICAL LABORATORY SERVICES
0258U,Ai psor mrna 50-100 gen alg,CLINICAL LABORATORY SERVICES
0260U,Rare ds id opt genome mapg,CLINICAL LABORATORY SERVICES
0261U,Onc clrct ca img alys w/ai,CLINICAL LABORATORY SERVICES
0262U ,Onc sld tum rtpcr 7 gen,CLINICAL LABORATORY SERVICES
0264U,Rare ds id opt genome mapg,CLINICAL LABORATORY SERVICES
0265U ,Rar do whl gn&mtcdrl dna als,CLINICAL LABORATORY SERVICES
0266U,Unxpl cnst hrtbl do gn xprsn,CLINICAL LABORATORY SERVICES
0267U,Rare do id opt gen mapg&seq,CLINICAL LABORATORY SERVICES
0268U ,Hem ahus gen seq alys 15 gen,CLINICAL LABORATORY SERVICES
0269U ,Hem aut dm cgen trmbctpna 14,CLINICAL LABORATORY SERVICES
0270U,Hem cgen coagj do 20 genes,CLINICAL LABORATORY SERVICES
0271U,Hem cgen neutropenia 23 gen,CLINICAL LABORATORY SERVICES
0272U,Hem genetic bld do 51 genes,CLINICAL LABORATORY SERVICES
0273U,Hem gen hyprfibrnlysis 8 gen,CLINICAL LABORATORY SERVICES
0274U,Hem gen pltlt do 43 genes,CLINICAL LABORATORY SERVICES
0276U,Hem inh thrombocytopenia 23,CLINICAL LABORATORY SERVICES
0277U ,Hem gen pltlt funcj do 31,CLINICAL LABORATORY SERVICES
0278U,Hem gen thrombosis 12 genes,CLINICAL LABORATORY SERVICES
0282U,Rbc dna gntyp 12 bld grp gen,CLINICAL LABORATORY SERVICES
36415,Routine venipuncture,CLINICAL LABORATORY SERVICES
78110,Plasma volume single,CLINICAL LABORATORY SERVICES
78111,Plasma volume multiple,CLINICAL LABORATORY SERVICES
78120,Red cell mass single,CLINICAL LABORATORY SERVICES
78121,Red cell mass multiple,CLINICAL LABORATORY SERVICES
78122,Blood volume,CLINICAL LABORATORY SERVICES
78130,Red cell survival study,CLINICAL LABORATORY SERVICES
78191,Platelet survival,CLINICAL LABORATORY SERVICES
78267,Breath tst attain/anal c-14,CLINICAL LABORATORY SERVICES
78268,Breath test analysis c-14,CLINICAL LABORATORY SERVICES
78725,Kidney function study,CLINICAL LABORATORY SERVICES
C9803,Hopd covid-19 spec collect,CLINICAL LABORATORY SERVICES
G0027,Semen analysis ,CLINICAL LABORATORY SERVICES
G0103,Psa screening,CLINICAL LABORATORY SERVICES
G0123,Screen cerv/vag thin layer,CLINICAL LABORATORY SERVICES
G0124,Screen c/v thin layer by MD,CLINICAL LABORATORY SERVICES
G0141,"Scr c/v cyto,autosys and md",CLINICAL LABORATORY SERVICES
G0143,"Scr c/v cyto,thinlayer,rescr",CLINICAL LABORATORY SERVICES
G0144,"Scr c/v cyto,thinlayer,rescr",CLINICAL LABORATORY SERVICES
G0145 ,"Scr c/v cyto,thinlayer,rescr",CLINICAL LABORATORY SERVICES
G0147,"Scr c/v cyto, automated sys",CLINICAL LABORATORY SERVICES
G0148,"Scr c/v cyto, autosys, rescr",CLINICAL LABORATORY SERVICES
G0306,CBC/diffwbc w/o platelet,CLINICAL LABORATORY SERVICES
G0307,Cbc without platelet ,CLINICAL LABORATORY SERVICES
G0328,Fecal blood scrn immunoassay,CLINICAL LABORATORY SERVICES
G0416,"Prostate biopsy, any mthd",CLINICAL LABORATORY SERVICES
G0432,Eia hiv-1/hiv-2 screen,CLINICAL LABORATORY SERVICES
G0433,Elisa hiv-1/hiv-2 screen,CLINICAL LABORATORY SERVICES
G0435,Oral hiv-1/hiv-2 screen,CLINICAL LABORATORY SERVICES
G0475 ,Hiv combination assay ,CLINICAL LABORATORY SERVICES
G0476,Hpv combo assay ca screen,CLINICAL LABORATORY SERVICES
G2023,Specimen collect covid-19,CLINICAL LABORATORY SERVICES
G2024,Spec coll snf/lab covid-19,CLINICAL LABORATORY SERVICES
G9143,Warfarin respon genetic test,CLINICAL LABORATORY SERVICES
P2028,Cephalin floculation test,CLINICAL LABORATORY SERVICES
P2029,Congo red blood test,CLINICAL LABORATORY SERVICES
P2033,Blood thymol turbidity ,CLINICAL LABORATORY SERVICES
P2038,Blood mucoprotein,CLINICAL LABORATORY SERVICES
P3000,Screen pap by tech w md supv,CLINICAL LABORATORY SERVICES
P3001,Screening pap smear by phys,CLINICAL LABORATORY SERVICES
P9612,Catheterize for urine spec,CLINICAL LABORATORY SERVICES
P9615,Urine specimen collect mult ,CLINICAL LABORATORY SERVICES
Q0111,Wet mounts/ w preparations,CLINICAL LABORATORY SERVICES
Q0112,Potassium hydroxide preps,CLINICAL LABORATORY SERVICES
Q0113,Pinworm examinations,CLINICAL LABORATORY SERVICES
Q0114,Fern test,CLINICAL LABORATORY SERVICES
Q0115,Post-coital mucous exam,CLINICAL LABORATORY SERVICES
U0001,2019-ncov diagnostic p,CLINICAL LABORATORY SERVICES
U0002,Covid-19 lab test non-cdc,CLINICAL LABORATORY SERVICES
U0003 ,Cov-19 amp prb hgh thruput,CLINICAL LABORATORY SERVICES
U0004,Cov-19 test non-cdc hgh thru,CLINICAL LABORATORY SERVICES
U0005,Infec agen detec ampli probe,CLINICAL LABORATORY SERVICES
90901,Biofeedback train any meth,Physical Therapy
90912,Bfb training 1st 15 min,Physical Therapy
90913,Bfb training ea addl 15 min,Physical Therapy
92507,Speech/hearing therapy,Physical Therapy
92508,Speech/hearing therapy,Physical Therapy
92520,Laryngeal function studies,Physical Therapy
92521,Evaluation of speech fluency,Physical Therapy
92522,Evaluate speech production,Physical Therapy
92523,Speech sound lang comprehen,Physical Therapy
92524,Behavral qualit analys voice,Physical Therapy
92526,Oral function therapy,Physical Therapy
92597,Oral speech device eval,Physical Therapy
92607,Ex for speech device rx 1hr,Physical Therapy
92608,Ex for speech device rx addl,Physical Therapy
92609,Use of speech device service,Physical Therapy
92610,Evaluate swallowing function,Physical Therapy
92611,Motion fluoroscopy/swallow,Physical Therapy
92612,Endoscopy swallow tst (fees),Physical Therapy
92614,Laryngoscopic sensory test,Physical Therapy
92616,Fees w/laryngeal sense test,Physical Therapy
93797,Cardiac rehab,Physical Therapy
93798,Cardiac rehab/monitor,Physical Therapy
95851,Range of motion measurements,Physical Therapy
95852,Range of motion measurements,Physical Therapy
95992,Canalith repositioning proc,Physical Therapy
96000,Motion analysis video/3d,Physical Therapy
96001,Motion test w/ft press meas,Physical Therapy
96002,Dynamic surface emg,Physical Therapy
96003,Dynamic fine wire emg,Physical Therapy
96105,Assessment of aphasia ,Physical Therapy
96125,Cognitive test by HC pro,Physical Therapy
97010,Hot or cold packs therapy,Physical Therapy
97012,Mechanical traction therapy,Physical Therapy
97016,Vasopneumatic device therapy,Physical Therapy
97018,Paraffin bath therapy,Physical Therapy
97022,Whirlpool therapy,Physical Therapy
97024,Diathermy eg microwave,Physical Therapy
97026,Infrared therapy,Physical Therapy
97028,Ultraviolet therapy,Physical Therapy
97032,Electrical stimulation,Physical Therapy
97033,Electric current therapy,Physical Therapy
97034,Contrast bath therapy,Physical Therapy
97035,Ultrasound therapy,Physical Therapy
97036,Hydrotherapy,Physical Therapy
97039,Physical therapy treatment,Physical Therapy
97110,Therapeutic exercises,Physical Therapy
97112,Neuromuscular reeducation,Physical Therapy
97113,Aquatic therapy/exercises,Physical Therapy
97116,Gait training therapy,Physical Therapy
97124,Massage therapy,Physical Therapy
97129,Ther ivntj 1st 15 min,Physical Therapy
97130,Ther ivntj ea addl 15 min,Physical Therapy
97139,Physical medicine procedure,Physical Therapy
97140,Manual therapy,Physical Therapy
97150,Group therapeutic procedures,Physical Therapy
97161,Pt eval low complex 20 min,Physical Therapy
97162,Pt eval mod complex 30 min,Physical Therapy
97163,Pt eval high complex 45 min,Physical Therapy
97164,Pt re-eval est plan care,Physical Therapy
97165,Ot eval low complex 30 min,Physical Therapy
97166,Ot eval mod complex 45 min,Physical Therapy
97167,Ot eval high complex 60 min,Physical Therapy
97168,Ot re-eval est plan care,Physical Therapy
97530,Therapeutic activities,Physical Therapy
97533,Sensory integration,Physical Therapy
97535,Self care mngment training,Physical Therapy
97537,Community/work reintegration,Physical Therapy
97542,Wheelchair mngment training,Physical Therapy
97545,Work hardening,Physical Therapy
97546,Work hardening add-on,Physical Therapy
97597,RMVL devital tis 20cm/<,Physical Therapy
97598,RMVL devital tis addl 20 cm<,Physical Therapy
97602,Wound(s) care non-selective,Physical Therapy
97605,Neg press wound tx < 50 cm,Physical Therapy
97606,Neg press wound tx > 50 cm,Physical Therapy
97607,Neg press wnd tx </=50 sq cm,Physical Therapy
97608,Neg press wound tx >50 cm,Physical Therapy
97610,Low frequency non-thermal US,Physical Therapy
97750,Physical performance test,Physical Therapy
97755,Assistive technology assess,Physical Therapy
97760,Orthotic mgmt&trainj 1st enc ,Physical Therapy
97761,Prosthetic trainj 1st enc,Physical Therapy
97763,Orth/prostc mgmt sbsq enc,Physical Therapy
97799,Physical medicine procedure,Physical Therapy
98966,Hc pro phone call 5-10 min,Physical Therapy
98967,Hc pro phone call 11-20 min,Physical Therapy
98968,Hc pro phone call 21-30 min,Physical Therapy
98970,Qnhp ol dig assmt&mgmt 5-10,Physical Therapy
98971,Qnhp ol dig assmt&mgmt 11-20 ,Physical Therapy
98972,Qnhp ol dig assmt&mgmt 21+,Physical Therapy
98975,Rem ther mntr 1st setup&edu,Physical Therapy
98976,Rem ther mntr dev sply resp,Physical Therapy
98977,Rem ther mntr dv sply mscskl,Physical Therapy
98980,Rem ther mntr 1st 20 min,Physical Therapy
98981,Rem ther mntr ea addl 20 min,Physical Therapy
G0281,Elec stim unattend for press,Physical Therapy
G0283,Elec stim other than wound,Physical Therapy
G0329,Electromagntic tx for ulcers,Physical Therapy
G0451,Development test interp & rep,Physical Therapy
G2250,"Remot img sub by pt, non e/m",Physical Therapy
G2251,"Brief chkin, 5-10, non-e/m",Physical Therapy
0042T,Ct perfusion w/contrast cbf,Radiology
0174T,Cad cxr with interp,Radiology
0175T,Cad cxr remote,Radiology
0330T,Tear film img uni/bi w/i&r,Radiology
0331T,Heart symp image plnr,Radiology
0332T,Heart symp image plnr spect,Radiology
0422T,Tactile breast img uni/bi,Radiology
0508T  ,Pls echo us b1 dns meas tib,Radiology
0558T,Ct scan f/biomchn ct alys,Radiology
0633T,Ct breast w/3d uni c-,Radiology
0634T,Ct breast w/3d uni c+,Radiology
0635T,Ct breast w/3d uni c-/c+,Radiology
0636T,Ct breast w/3d bi c-,Radiology
0637T,Ct breast w/3d bi c+,Radiology
0638T,Ct breast w/3d bi c-/c+,Radiology
51798,Us urine capacity measure,Radiology
70100,X-ray exam of jaw,Radiology
70110,X-ray exam of jaw,Radiology
70120,X-ray exam of mastoids,Radiology
70130,X-ray exam of mastoids,Radiology
70134,X-ray exam of middle ear,Radiology
70140,X-ray exam of facial bones,Radiology
70150,X-ray exam of facial bones,Radiology
70160,X-ray exam of nasal bones,Radiology
70190,X-ray exam of eye sockets,Radiology
70200,X-ray exam of eye sockets,Radiology
70210,X-ray exam of sinuses,Radiology
70220,X-ray exam of sinuses,Radiology
70240,X-ray exam pituitary saddle,Radiology
70250,X-ray exam of skull,Radiology
70260,X-ray exam of skull,Radiology
70300,X-ray exam of teeth,Radiology
70310,X-ray exam of teeth,Radiology
70320,Full mouth x-ray of teeth,Radiology
70328,X-ray exam of jaw joint,Radiology
70330,X-ray exam of jaw joints,Radiology
70336,Magnetic image jaw joint,Radiology
70350,X-ray head for orthodontia,Radiology
70355,Panoramic x-ray of jaws,Radiology
70360,X-ray exam of neck,Radiology
70370,Throat x-ray & fluoroscopy,Radiology
70371,Speech evaluation complex,Radiology
70380,X-ray exam of salivary gland,Radiology
70450,Ct head/brain w/o dye,Radiology
70460,Ct head/brain w/dye,Radiology
70470,Ct head/brain w/o & w/dye,Radiology
70480,Ct orbit/ear/fossa w/o dye,Radiology
70481,Ct orbit/ear/fossa w/dye ,Radiology
70482,Ct orbit/ear/fossa w/o&w/dye,Radiology
70486,Ct maxillofacial w/o dye,Radiology
70487,Ct maxillofacial w/dye,Radiology
70488,Ct maxillofacial w/o & w/dye,Radiology
70490,Ct soft tissue neck w/o dye,Radiology
70491,Ct soft tissue neck w/dye,Radiology
70492,Ct sft tsue nck w/o & w/dye,Radiology
70496,Ct angiography head,Radiology
70498,Ct angiography neck,Radiology
70540,Mri orbit/face/neck w/o dye,Radiology
70542,Mri orbit/face/neck w/dye,Radiology
70543,Mri orbt/fac/nck w/o & w/dye,Radiology
70544,Mr angiography head w/o dye,Radiology
70545,Mr angiography head w/dye,Radiology
70546,Mr angiograph head w/o&w/dye,Radiology
70547,Mr angiography neck w/o dye,Radiology
70548,Mr angiography neck w/dye,Radiology
70549,Mr angiograph neck w/o&w/dye,Radiology
70551,Mri brain w/o dye,Radiology
70552,Mri brain w/dye,Radiology
70553,Mri brain w/o & w/dye ,Radiology
70554,Fmri brain by tech,Radiology
70555,Fmri brain by phys/psych,Radiology
71045,Xray exam chest 1 view,Radiology
71046,X-ray exam chest 2 views,Radiology
71047,X-ray exam chest 3 views,Radiology
71048,X-ray exam chest 4+ views,Radiology
71100,X-ray exam of ribs,Radiology
71101,X-ray exam of ribs/chest,Radiology
71110,X-ray exam of ribs,Radiology
71111,X-ray exam of ribs/chest,Radiology
71120,X-ray exam of breastbone,Radiology
71130,X-ray exam of breastbone,Radiology
71250,Ct thorax dx c- ,Radiology
71260,Ct thorax dx c+ ,Radiology
71270,Ct thorax dx c-/c+ ,Radiology
71271,Ct thorax lung cancer scr c-,Radiology
71275,Ct angiography chest,Radiology
71550,Mri chest w/o dye,Radiology
71551,Mri chest w/dye,Radiology
71552,Mri chest w/o & w/dye,Radiology
71555,Mri angio chest w or w/o dye,Radiology
72020,X-ray exam of spine,Radiology
72040,X-ray exam neck spine 3/<vws,Radiology
72050,X-ray exam of neck spine,Radiology
72052,X-ray exam of neck spine,Radiology
72070,X-ray exam of thoracic spine,Radiology
72072,X-ray exam of thoracic spine,Radiology
72074,X-ray exam of thoracic spine,Radiology
72080,X-ray exam of trunk spine,Radiology
72081,X-ray exam entire spi 1 vw,Radiology
72082,X-ray exam entire spi 2/3 vw,Radiology
72083,X-ray exam entire spi 4/5 vw,Radiology
72084,X-ray exam entire spi 6/> vw,Radiology
72100,X-ray exam of lower spine,Radiology
72110,X-ray exam of lower spine,Radiology
72114,X-ray exam of lower spine,Radiology
72120,X-ray exam of lower spine,Radiology
72125,Ct neck spine w/o dye,Radiology
72126,Ct neck spine w/dye,Radiology
72127,Ct neck spine w/o & w/dye,Radiology
72128,Ct chest spine w/o dye,Radiology
72129,Ct chest spine w/dye,Radiology
72130,Ct chest spine w/o & w/dye,Radiology
72131,Ct lumbar spine w/o dye,Radiology
72132,Ct lumbar spine w/dye,Radiology
72133,Ct lumbar spine w/o & w/dye,Radiology
72141,Mri neck spine w/o dye,Radiology
72142,Mri neck spine w/dye,Radiology
72146,Mri chest spine w/o dye,Radiology
72147,Mri chest spine w/dye,Radiology
72148,Mri lumbar spine w/o dye,Radiology
72149,Mri lumbar spine w/dye,Radiology
72156,Mri neck spine w/o & w/dye,Radiology
72157,Mri chest spine w/o & w/dye,Radiology
72158,Mri lumbar spine w/o & w/dye,Radiology
72159,Mr angio spine w/o&w/dye,Radiology
72170,X-ray exam of pelvis,Radiology
72190,X-ray exam of pelvis,Radiology
72191,Ct angiograph pelv w/o&w/dye,Radiology
72192,Ct pelvis w/o dye,Radiology
72193,Ct pelvis w/dye,Radiology
72194,Ct pelvis w/o & w/dye,Radiology
72195,Mri pelvis w/o dye,Radiology
72196,Mri pelvis w/dye,Radiology
72197,Mri pelvis w/o & w/dye,Radiology
72198,Mr angio pelvis w/o & w/dye,Radiology
72200,X-ray exam sacroiliac joints,Radiology
72202,X-ray exam sacroiliac joints,Radiology
72220,X-ray exam of tailbone,Radiology
73000,X-ray exam of collar bone,Radiology
73010,X-ray exam of shoulder blade,Radiology
73020,X-ray exam of shoulder,Radiology
73030,X-ray exam of shoulder,Radiology
73050,X-ray exam of shoulders,Radiology
73060,X-ray exam of humerus,Radiology
73070,X-ray exam of elbow,Radiology
73080,X-ray exam of elbow,Radiology
73090,X-ray exam of forearm,Radiology
73092,X-ray exam of arm infant,Radiology
73100,X-ray exam of wrist,Radiology
73110,X-ray exam of wrist,Radiology
73120,X-ray exam of hand,Radiology
73130,X-ray exam of hand,Radiology
73140,X-ray exam of finger(s),Radiology
73200,Ct upper extremity w/o dye,Radiology
73201,Ct upper extremity w/dye,Radiology
73202,Ct uppr extremity w/o&w/dye,Radiology
73206,Ct angio upr extrm w/o&w/dye,Radiology
73218,Mri upper extremity w/o dye,Radiology
73219,Mri upper extremity w/dye,Radiology
73220,Mri uppr extremity w/o&w/dye,Radiology
73221,Mri joint upr extrem w/o dye,Radiology
73222,Mri joint upr extrem w/dye,Radiology
73223,Mri joint upr extr w/o&w/dye,Radiology
73225,Mr angio upr extr w/o&w/dye,Radiology
73501,X-ray exam hip uni 1 view,Radiology
73502,X-ray exam hip uni 2-3 views,Radiology
73503,X-ray exam hip uni 4/> views,Radiology
73521,X-ray exam hips bi 2 views,Radiology
73522,X-ray exam hips bi 3-4 views,Radiology
73523,X-ray exam hips bi 5/> views,Radiology
73551,X-ray exam of femur 1,Radiology
73552,X-ray exam of femur 2/>,Radiology
73560,X-ray exam of knee 1 or 2,Radiology
73562,X-ray exam of knee 3,Radiology
73564,X-ray exam knee 4 or more,Radiology
73565,X-ray exam of knees,Radiology
73590,X-ray exam of lower leg,Radiology
73592,X-ray exam of leg infant,Radiology
73600,X-ray exam of ankle,Radiology
73610,X-ray exam of ankle,Radiology
73620,X-ray exam of foot,Radiology
73630,X-ray exam of foot,Radiology
73650,X-ray exam of heel,Radiology
73660,X-ray exam of toe(s),Radiology
73700,Ct lower extremity w/o dye,Radiology
73701,Ct lower extremity w/dye,Radiology
73702,Ct lwr extremity w/o&w/dye,Radiology
73706,Ct angio lwr extr w/o&w/dye,Radiology
73718,Mri lower extremity w/o dye,Radiology
73719,Mri lower extremity w/dye,Radiology
73720,Mri lwr extremity w/o&w/dye,Radiology
73721,Mri jnt of lwr extre w/o dye,Radiology
73722,Mri joint of lwr extr w/dye,Radiology
73723,Mri joint lwr extr w/o&w/dye,Radiology
73725,Mr ang lwr ext w or w/o dye,Radiology
74018,X-ray exam abdomen 1 view,Radiology
74019,X-ray exam abdomen 2 views,Radiology
74021,X-ray exam abdomen 3+ views,Radiology
74022,X-ray exam complete abdomen,Radiology
74150,Ct abdomen w/o dye,Radiology
74160,Ct abdomen w/dye,Radiology
74170,Ct abdomen w/o & w/dye,Radiology
74174,Ct angio abd&pelv w/o&w/dye,Radiology
74175,Ct angio abdom w/o & w/dye,Radiology
74176,Ct abd & pelvis,Radiology
74177,Ct abd & pelv w/contrast,Radiology
74178,Ct abd & pelv 1/>regns,Radiology
74181,Mri abdomen w/o dye,Radiology
74182,Mri abdomen w/dye,Radiology
74183,Mri abdomen w/o & w/dye,Radiology
74185,Mri angio abdom w orw/o dye,Radiology
74210,X-ray xm phrnx&/crv esoph c+,Radiology
74220,X-ray xm esophagus 1cntrst,Radiology
74221,X-ray xm esophagus 2cntrst,Radiology
74230,X-ray xm swlng funcj c+,Radiology
74240,X-ray xm upr gi trc 1cntrst,Radiology
74246,X-ray xm upr gi trc 2cntrst,Radiology
74248,X-ray sm int f-thru std,Radiology
74250,X-ray xm sm int 1cntrst std,Radiology
74251,X-ray xm sm int 2cntrst std,Radiology
74270,X-ray xm colon 1cntrst std,Radiology
74280,X-ray xm colon 2cntrst std,Radiology
74261,Ct colonography dx,Radiology
74262,Ct colonography dx w/dye,Radiology
74290,Contrast x-ray gallbladder,Radiology
74710,X-ray measurement of pelvis,Radiology
74712,Mri fetal sngl/1st gestation,Radiology
75557,Cardiac MRI for morph,Radiology
75559,Cardiac MRI w/stress img,Radiology
75561,Cardiac MRI for morph w/dye,Radiology
75563,Card MRI w/stress img & dye,Radiology
75565,Card MRI veloc flow mapping,Radiology
75571,Ct hrt w/o dye w/ca test,Radiology
75572,Ct hrt w/3d image,Radiology
75573,Ct hrt w/3d image congen,Radiology
75574,Ct angio hrt w/3d image,Radiology
75635,Ct angio abdominal arteries,Radiology
76000,Fluoroscopy <1 hr phys/qhp ,Radiology
76010,X-ray nose to rectum,Radiology
76100,X-ray exam of body section,Radiology
76120,Cine/video x-rays,Radiology
76125,Cine/video x-rays add-on,Radiology
76376,3d render w/o postprocess,Radiology
76377,3d rendering w/postprocess,Radiology
76380,CAT scan follow-up study,Radiology
76391,Mr elastography,Radiology
76499,Radiographic procedure,Radiology
76506,Echo exam of head,Radiology
76510,Ophth us b & quant a,Radiology
76511,Ophth us quant a only,Radiology
76512,Ophth us b w/non-quant a,Radiology
76513,Oph us dx ant sgm us uni/bi,Radiology
76514,Echo exam of eye thickness,Radiology
76516,Echo exam of eye,Radiology
76519,Echo exam of eye,Radiology
76536,Us exam of head and neck,Radiology
76604,Us exam chest,Radiology
76641,Ultrasound breast complete,Radiology
76642,Ultrasound breast limited,Radiology
76700,Us exam abdom complete,Radiology
76705,Echo exam of abdomen,Radiology
76706,Us abdl aorta screen aaa,Radiology
76770,Us exam abdo back wall comp,Radiology
76775,Us exam abdo back wall lim,Radiology
76776,Us exam k transpl w/Doppler,Radiology
76800,Us exam spinal canal,Radiology
76801,Ob us < 14 wks single fetus,Radiology
76802,Ob us < 14 wks addl fetus,Radiology
76805,Ob us >/= 14 wks sngl fetus,Radiology
76810,Ob us >/= 14 wks addl fetus,Radiology
76811,Ob us detailed sngl fetus,Radiology
76812,Ob us detailed addl fetus,Radiology
76815,Ob us limited fetus(s),Radiology
76816,Ob us follow-up per fetus,Radiology
76818,Fetal biophys profile w/nst,Radiology
76819,Fetal biophys profil w/o nst,Radiology
76820,Umbilical artery echo,Radiology
76821,Middle cerebral artery echo,Radiology
76825,Echo exam of fetal heart,Radiology
76826,Echo exam of fetal heart,Radiology
76827,Echo exam of fetal heart,Radiology
76828,Echo exam of fetal heart,Radiology
76856,Us exam pelvic complete,Radiology
76857,Us exam pelvic limited,Radiology
76870,Us exam scrotum,Radiology
76881,Us compl joint r-t w/img ,Radiology
76882,Us lmtd jt/nonvasc xtr strux ,Radiology
76885,Us exam infant hips dynamic,Radiology
76886,Us exam infant hips static,Radiology
76977,Us bone density measure,Radiology
76978,Us trgt dyn mbubb 1st les,Radiology
76979,Us trgt dyn mbubb ea addl,Radiology
76981,Use parenchyma,Radiology
76982,Use 1st target lesion,Radiology
76983,Use ea addl target lesion,Radiology
76999,Echo examination procedure,Radiology
77046,Mri breast c-unilateral,Radiology
77047,Mri breast c-bilateral,Radiology
77048,Mri breast c-+ w/cad uni,Radiology
77049,Mri breast c-+ w/cad bi,Radiology
77061,Breast tomosynthesis uni,Radiology
77062,Breast tomosynthesis bi,Radiology
77063,Breast tomosynthesis bi,Radiology
77065,Dx mammo incl cad uni,Radiology
77066,Dx mammo incl cad bi,Radiology
77067,Scr mammo bi incl cad,Radiology
77071,X-ray stress view,Radiology
77072,X-rays for bone age,Radiology
77073,X-rays bone length studies,Radiology
77074,X-rays bone survey limited,Radiology
77075,X-rays bone survey complete,Radiology
77076,X-rays bone survey infant,Radiology
77077,Joint survey single view,Radiology
77078,Ct bone density axial,Radiology
77080,Dxa bone density axial,Radiology
77081,Dxa bone density/peripheral,Radiology
77084,Magnetic image bone marrow,Radiology
77085,Dxa bone density study,Radiology
77086,Fracture assessment via dxa,Radiology
77089,Tbs dxa cal w/i&r fx risk,Radiology
78012,Thyroid uptake measurement ,Radiology
78013,Thyroid imaging w/blood flow,Radiology
78014,Thyroid imaging w/blood flow,Radiology
78015,Thyroid met imaging,Radiology
78016,Thyroid met imaging/studies,Radiology
78018,Thyroid met imaging body,Radiology
78020,Thyroid met uptake,Radiology
78070,Parathyroid nuclear imaging,Radiology
78071,Parathyrd planar w/wo subtrj,Radiology
78072,Parathyrd planar w/spect&ct,Radiology
78075,Adrenal nuclear imaging,Radiology
78099,Endocrine nuclear procedure,Radiology
78102,Bone marrow imaging ltd,Radiology
78103,Bone marrow imaging mult,Radiology
78104,Bone marrow imaging body,Radiology
78140,Red cell sequestration,Radiology
78185,Spleen imaging,Radiology
78195,Lymph system imaging,Radiology
78199,Blood/lymph nuclear exam,Radiology
78201,Liver imaging,Radiology
78202,Liver imaging with flow,Radiology
78215,Liver and spleen imaging,Radiology
78216,Liver & spleen image/flow,Radiology
78226,Hepatobiliary system imaging,Radiology
78227,Hepatobil syst image w/drug,Radiology
78230,Salivary gland imaging,Radiology
78231,Serial salivary imaging,Radiology
78232,Salivary gland function exam,Radiology
78258,Esophageal motility study,Radiology
78261,Gastric mucosa imaging,Radiology
78262,Gastroesophageal reflux exam,Radiology
78264,Gastric emptying study,Radiology
78265,Gastric emptying imag study,Radiology
78266,Gastric emptying imag study,Radiology
78278,Acute GI blood loss imaging,Radiology
78282,GI protein loss exam,Radiology
78290,Meckels divert exam,Radiology
78291,Leveen/shunt patency exam,Radiology
78299,GI nuclear procedure,Radiology
78300,Bone imaging limited area,Radiology
78305,Bone imaging multiple areas,Radiology
78306,Bone imaging whole body,Radiology
78315,Bone imaging 3 phase,Radiology
78399,Musculoskeletal nuclear exam,Radiology
78428,Cardiac shunt imaging,Radiology
78429,Myocrd img pet 1 std w/ct,Radiology
78430,Myocrd img pet rst/strs w/ct,Radiology
78431,Myocrd img pet rst&strs ct,Radiology
78432,Myocrd img pet 2rtracer,Radiology
78433,Myocrd img pet 2rtracer ct,Radiology
78434,Aqmbf pet rest & rx stress,Radiology
78445,Vascular flow imaging,Radiology
78451,Ht muscle image spect sing,Radiology
78452,Ht muscle image spect mult,Radiology
78453,Ht muscle image planar sing,Radiology
78454,Ht musc image planar mult,Radiology
78456,Acute venous thrombus image,Radiology
78457,Venous thrombosis imaging,Radiology
78458,Ven thrombosis images bilat,Radiology
78459,Myocrd img pet single study,Radiology
78466,Heart infarct image,Radiology
78468,Heart infarct image (ef),Radiology
78469,Heart infarct image (3D),Radiology
78472,Gated heart planar single,Radiology
78473,Gated heart multiple,Radiology
78481,Heart first pass single,Radiology
78483,Heart first pass multiple,Radiology
78491,Myocrd img pet 1std rst/strs,Radiology
78492,Myocrd img pet mlt rst&strs,Radiology
78494,Heart image spect,Radiology
78496,Heart first pass add-on,Radiology
78499,Cardiovascular nuclear exam,Radiology
78579,Lung ventilation imaging,Radiology
78580,Lung perfusion imaging,Radiology
78582,Lung ventilat&perfus imaging,Radiology
78597,Lung perfusion differential,Radiology
78598,Lung perf&ventilat diferentl,Radiology
78599,Respiratory nuclear exam,Radiology
78600,Brain image < 4 views,Radiology
78601,Brain image w/flow < 4 views,Radiology
78605,Brain image 4+ views,Radiology
78606,Brain image w/flow 4 + views,Radiology
78608,Brain imaging (PET),Radiology
78610,Brain flow imaging only,Radiology
78630,Cerebrospinal fluid scan,Radiology
78635,CSF ventriculography,Radiology
78645,CSF shunt evaluation,Radiology
78650,CSF leakage imaging,Radiology
78660,Nuclear exam of tear flow,Radiology
78699,Nervous system nuclear exam,Radiology
78700,Kidney imaging morphol,Radiology
78701,Kidney imaging with flow,Radiology
78707,K flow/funct image w/o drug,Radiology
78708,K flow/funct image w/drug,Radiology
78709,K flow/funct image multiple,Radiology
78730,Urinary bladder retention,Radiology
78740,Ureteral reflux study,Radiology
78761,Testicular imaging w/flow,Radiology
78799,Genitourinary nuclear exam,Radiology
78800,Rp loclzj tum 1 area 1 d img,Radiology
78801,Rp loclzj tum 2+area 1+d img,Radiology
78802,Rp loclzj tum whbdy 1 d img,Radiology
78803,Rp loclzj tum spect 1 area,Radiology
78804,Rp loclzj tum whbdy 2+d img,Radiology
78811,PET image ltd area,Radiology
78812,PET image skull-thigh,Radiology
78813,PET image full body,Radiology
78814,PET image w/ct lmtd,Radiology
78815,PET image w/ct skull-thigh,Radiology
78816,PET image w/ct full body,Radiology
78999,Nuclear diagnostic exam,Radiology
91110,Gi tract capsule endoscopy,Radiology
91111,Esophageal capsule endoscopy,Radiology
92132,Cpmtr ophth dx img ant segmt,Radiology
92133,Cmptr ophth img optic nerve,Radiology
92134,Cptr ophth dx img post segmt,Radiology
92227,Img rta detcj/mntr ds staff,Radiology
92228,Img rta detc/mntr ds phy/qhp,Radiology
92229,Img rta detc/mntr ds poc aly,Radiology
93303,Echo transthoracic,Radiology
93304,Echo transthoracic,Radiology
93306,Tte w/doppler complete ,Radiology
93307,Tte w/o doppler complete,Radiology
93308,Tte f-up or lmtd ,Radiology
93320,Doppler echo exam heart [if used in conjunction with 93303-93304],Radiology
93321,"Doppler echo exam heart [if used in conjunction with 93303, 93304, 93308]",Radiology
93325,"Doppler color flow add-on [if used in conjunction with 76825, 76826, 76827,76828, 93303, 93304, 93308]",Radiology
93356,Myocrd strain img spckl trck,Radiology
93875,Extracranial study,Radiology
93880,Extracranial study,Radiology
93882,Extracranial study,Radiology
93886,Intracranial study,Radiology
93888,Intracranial study,Radiology
93890,Tcd vasoreactivity study,Radiology
93892,Tcd emboli detect w/o inj,Radiology
93922,Upr/l xtremity art 2 levels,Radiology
93923,Upr/lxtr art stdy 3+ lvls,Radiology
93924,Lwr xtr vasc stdy bilat ,Radiology
93925,Lower extremity study,Radiology
93926,Lower extremity study,Radiology
93930,Upper extremity study,Radiology
93931,Upper extremity study,Radiology
93970,Extremity study,Radiology
93971,Extremity study,Radiology
93975,Vascular study,Radiology
93976,Vascular study,Radiology
93978,Vascular study,Radiology
93979,Vascular study,Radiology
93980,Penile vascular study,Radiology
93981,Penile vascular study,Radiology
93990,Doppler flow testing,Radiology
93998,Noninvas vasc dx study proc,Radiology
97610,Low frequency non-thermal US,Radiology
A4641,Radiopharm dx agent noc,Radiology
A4642,In111 satumomab,Radiology
A9500,Tc99m sestamibi,Radiology
A9501,Technetium TC-99m teboroxime,Radiology
A9502,Tc99m tetrofosmin,Radiology
A9503,Tc99m medronate,Radiology
A9504,Tc99m apcitide,Radiology
A9505,TL201 thallium,Radiology
A9507,In111 capromab,Radiology
A9508,"I131 iodobenguate, dx",Radiology
A9509,Iodine I-123 sod iodide mil,Radiology
A9510,Tc99m disofenin,Radiology
A9512,Tc99m pertechnetate,Radiology
A9515,Choline c-11,Radiology
A9516,Iodine I-123 sod iodide mic,Radiology
A9520,Tc99 Tilmanocept diag 0.5mci,Radiology
A9521,Tc99m exametazime,Radiology
A9524,"I131 serum albumin, dx",Radiology
A9526,Nitrogen N-13 ammonia,Radiology
A9528,"Iodine I-131 iodide cap, dx",Radiology
A9529,"I131 iodide sol, dx ",Radiology
A9531,I131 max 100uCi,Radiology
A9532,"I125 serum albumin, dx",Radiology
A9536,TC99m depreotide,Radiology
A9537,Tc99m mebrofenin,Radiology
A9538,Tc99m pyrophosphate ,Radiology
A9539    ,Tc99m pentetate,Radiology
A9540,Tc99m MAA,Radiology
A9541     ,Tc99m sulfur colloid,Radiology
A9542    ,"In111 ibritumomab, dx",Radiology
A9546    ,CO57/58,Radiology
A9547   ,In111 oxyquinoline,Radiology
A9548    ,In111 pentetate,Radiology
A9550   ,Tc99m gluceptate   ,Radiology
A9551,Tc99m succimer,Radiology
A9552,F18 fdg,Radiology
A9553,Cr51 chromate,Radiology
A9554,"I125 iothalamate, dx",Radiology
A9555,Rb82 rubidium,Radiology
A9556,Ga67 gallium,Radiology
A9557,Tc99m bicisate,Radiology
A9558,Xe133 xenon 10mci,Radiology
A9559,Co57 cyano,Radiology
A9560,Tc99m labeled rbc,Radiology
A9561,Tc99m oxidronate,Radiology
A9562,Tc99m mertiatide,Radiology
A9566,Tc99m fanolesomab,Radiology
A9567,Technetium TC-99m aerosol,Radiology
A9568,Technetium tc99m arcitumomab,Radiology
A9569,Technetium TC-99m auto WBC,Radiology
A9570,Indium In-111 auto WBC,Radiology
A9571,Indium In-111 auto platelet,Radiology
A9572,Indium In-111 pentetreotide,Radiology
A9576,Inj prohance multipack,Radiology
A9577,Inj multihance,Radiology
A9578,Inj multihance multipack,Radiology
A9579,"Gad-base MR contrast NOS,1ml  ",Radiology
A9580,Sodium fluoride F-18,Radiology
A9584,Iodine I-123 ioflupane,Radiology
A9586,Florbetapir F18,Radiology
A9587,Gallium Ga-68,Radiology
A9588,Fluciclovine f-18,Radiology
A9591,Fluoroestradiol f 18 ,Radiology
A9592,Copper cu 64 dotatate diag,Radiology
A9593,Gallium ga-68 psma-11 ucsf,Radiology
A9594,"Gallium ga-68 psma-11, ucla",Radiology
A9595,"Piflu f-18, dia 1 millicurie",Radiology
A9597,"Pet, dx, for tumor id, noc",Radiology
A9598,"Pet dx for non-tumor id, noc",Radiology
A9700,Echocardiography contrast,Radiology
C8937,Cad breast MRI ,Radiology
C9067,Gallium ga-68 dotatoc,Radiology
C9734,"U/s trtmt, not leiomyomata",Radiology
C9762 ,Cardiac mri seg dys strain,Radiology
C9763,Cardiac mri seg dys stress,Radiology
G0130,Single energy x-ray study,Radiology
G0279,"Tomosynthesis, mammo screen",Radiology
G0288,"Recon, cta for surg plan ",Radiology
Q0092,Set up port xray equipment ,Radiology
Q9950,Inj sulf hexa lipid microsph,Radiology
Q9951,"LOCM>=400 mg/ml iodine,1ml",Radiology
Q9953,"Inj Fe-based MR contrast,1ml",Radiology
Q9954,"Oral MR contrast, 100ml",Radiology
Q9955,"Inj perflexane lip micros,ml",Radiology
Q9956,"Inj octafluoropropane mic,ml",Radiology
Q9957,"Inj perflutren lip micros,ml",Radiology
Q9958,"HOCM <=149 mg/ml iodine, 1ml",Radiology
Q9959,"HOCM 150-199mg/ml iodine,1ml",Radiology
Q9960,"HOCM 200-249mg/ml iodine,1ml",Radiology
Q9961,"HOCM 250-299mg/ml iodine,1ml",Radiology
Q9962,"HOCM 300-349mg/ml iodine,1ml",Radiology
Q9963,"HOCM 350-399mg/ml iodine,1ml",Radiology
Q9964,"HOCM>= 400mg/ml iodine, 1ml",Radiology
Q9965,"LOCM 100-199mg/ml iodine,1ml",Radiology
Q9966,"LOCM 200-299mg/ml iodine,1ml",Radiology
Q9967,"LOCM 300-399mg/ml iodine,1ml",Radiology
Q9982,Flutemetamol f18 diagnostic,Radiology
Q9983 ,Florbetaben f18 diagnostic,Radiology
R0070,Transport portable x-ray,Radiology
R0075,Transport port x-ray multipl,Radiology
0394T ,Hdr elctrnc skn surf brchytx,Radiation Therapy
0395T,Hdr elctr ntrst/ntrcv brchtx,Radiation Therapy
19296,Place po breast cath for rad,Radiation Therapy
19297,Place breast cath for rad,Radiation Therapy
19298,Place breast rad tube/caths,Radiation Therapy
20555,Place ndl musc/tis for rt,Radiation Therapy
31643,Diag bronchoscope/catheter,Radiation Therapy
32553,Ins mark thor for rt perq,Radiation Therapy
32701,Thorax stereo rad targetw/tx,Radiation Therapy
41019,Place needles h&n for rt,Radiation Therapy
49327,Lap ins device for rt,Radiation Therapy
49411,Ins mark abd/pel for rt perq,Radiation Therapy
49412,Ins device for rt guide open,Radiation Therapy
55875,Transperi needle place pros,Radiation Therapy
55876,Place rt device/marker pros,Radiation Therapy
55920,Place needles pelvic for rt,Radiation Therapy
57155,Insert uteri tandems/ovoids,Radiation Therapy
57156,Ins vag brachytx device,Radiation Therapy
58346,Insert heyman uteri capsule,Radiation Therapy
61770,Incise skull for treatment,Radiation Therapy
61796,SRS cranial lesion simple,Radiation Therapy
61797,SRS cran les simple addl,Radiation Therapy
61798,SRS cranial lesion complex,Radiation Therapy
61799,SRS cran les complex addl,Radiation Therapy
61800,Apply SRS headframe add-on,Radiation Therapy
63620,SRS spinal lesion,Radiation Therapy
63621,SRS spinal lesion addl,Radiation Therapy
64625,Rf abltj nrv nrvtg si jt,Radiation Therapy
77261,Radiation therapy planning,Radiation Therapy
77262,Radiation therapy planning,Radiation Therapy
77263,Radiation therapy planning,Radiation Therapy
77280,Set radiation therapy field,Radiation Therapy
77285,Set radiation therapy field,Radiation Therapy
77290,Set radiation therapy field,Radiation Therapy
77295,Set radiation therapy field,Radiation Therapy
77299,Radiation therapy planning,Radiation Therapy
77300,Radiation therapy dose plan,Radiation Therapy
77301,Radiotherapy dose plan imrt,Radiation Therapy
77306,Telethx isodose plan simple,Radiation Therapy
77307,Telethx isodose plan cplx,Radiation Therapy
77316,Brachytx isodose plan simple,Radiation Therapy
77317,Brachytx isodose intermed,Radiation Therapy
77318,Brachytx isodose complex,Radiation Therapy
77321,Special teletx port plan,Radiation Therapy
77331,Special radiation dosimetry,Radiation Therapy
77332,Radiation treatment aid(s),Radiation Therapy
77333,Radiation treatment aid(s),Radiation Therapy
77334,Radiation treatment aid(s),Radiation Therapy
77336,Radiation physics consult,Radiation Therapy
77338,Design mlc device for imrt,Radiation Therapy
77370,Radiation physics consult,Radiation Therapy
77371,Srs multisource,Radiation Therapy
77372,Srs linear based,Radiation Therapy
77373,Sbrt delivery,Radiation Therapy
77385,Ntsty modul rad tx dlvr smpl,Radiation Therapy
77386,Ntsty modul rad tx dlvr cplx,Radiation Therapy
77399,External radiation dosimetry,Radiation Therapy
77401,Radiation treatment delivery,Radiation Therapy
77402,Radiation treatment delivery,Radiation Therapy
77407,Radiation treatment delivery,Radiation Therapy
77412,Radiation treatment delivery,Radiation Therapy
77417,Radiology port film(s),Radiation Therapy
77423,Neutron beam tx complex,Radiation Therapy
77427,Radiation tx management x5,Radiation Therapy
77431,Radiation therapy management,Radiation Therapy
77432,Stereotactic radiation trmt,Radiation Therapy
77435,Sbrt management,Radiation Therapy
77470,Special radiation treatment,Radiation Therapy
77499,Radiation therapy management,Radiation Therapy
77520,Proton trmt simple w/o comp,Radiation Therapy
77522,Proton trmt simple w/comp,Radiation Therapy
77523,Proton trmt intermediate,Radiation Therapy
77525,Proton treatment complex,Radiation Therapy
77600,Hyperthermia treatment,Radiation Therapy
77605,Hyperthermia treatment,Radiation Therapy
77610,Hyperthermia treatment,Radiation Therapy
77615,Hyperthermia treatment,Radiation Therapy
77620,Hyperthermia treatment,Radiation Therapy
77750,Infuse radioactive materials,Radiation Therapy
77761,Apply intrcav radiat simple,Radiation Therapy
77762,Apply intrcav radiat interm,Radiation Therapy
77763,Apply intrcav radiat compl,Radiation Therapy
77767,Hdr rdncl skn surf brachytx,Radiation Therapy
77768,Hdr rdncl skn surf brachytx,Radiation Therapy
77770,Hdr rdncl ntrstl/icav brchtx,Radiation Therapy
77771,Hdr rdncl ntrstl/icav brchtx,Radiation Therapy
77772,Hdr rdncl ntrstl/icav brchtx,Radiation Therapy
77778,Apply interstit radiat compl,Radiation Therapy
77789,Apply surface radiation,Radiation Therapy
77790,Radiation handling,Radiation Therapy
77799,Radium/radioisotope therapy,Radiation Therapy
78830,Rp loclzj tum spect w/ct 1,Radiation Therapy
78831,Rp loclzj tum spect 2 areas,Radiation Therapy
78832,Rp loclzj tum spect w/ct 2,Radiation Therapy
78835,Rp quan meas single area,Radiation Therapy
79005,Nuclear rx oral admin,Radiation Therapy
79101,Nuclear rx iv admin,Radiation Therapy
79200,Nuclear rx intracav admin,Radiation Therapy
79300,Nuclr rx interstit colloid,Radiation Therapy
79403,Hematopoietic nuclear tx,Radiation Therapy
79440,Nuclear rx intra-articular,Radiation Therapy
79445,Nuclear rx intra-arterial,Radiation Therapy
79999,Nuclear medicine therapy,Radiation Therapy
92974,Cath place cardio brachytx,Radiation Therapy
A4650,Implant radiation dosimeter,Radiation Therapy
A9513,Lutetium Lu 177 dotatat ther,Radiation Therapy
A9517,"I131 iodide cap, rx",Radiation Therapy
A9527,Iodine I-125 sodium iodide,Radiation Therapy
A9530,"I131 iodide sol, rx",Radiation Therapy
A9543,"Y90 ibritumomab, rx",Radiation Therapy
A9563,P32 Na phosphate,Radiation Therapy
A9564,P32 chromic phosphate,Radiation Therapy
A9590,Iodine i-131 iobenguane 1mci,Radiation Therapy
A9600,Sr89 strontium,Radiation Therapy
A9604,Sm 153 lexidronam,Radiation Therapy
A9606,Radium Ra223 dichloride ther,Radiation Therapy
A9699,Radiopharm rx agent noc,Radiation Therapy
C1716,"Brachytx, non-str, Gold-198",Radiation Therapy
C1717,"Brachytx, non-str,HDR Ir-192",Radiation Therapy
C1719,"Brachytx, NS, Non-HDRIr-192",Radiation Therapy
C2616,"Brachytx, non-str,Yttrium-90",Radiation Therapy
C2634,"Brachytx, non-str, HA, I-125",Radiation Therapy
C2635,"Brachytx, non-str, HA, P-103",Radiation Therapy
C2636,"Brachy linear, non-str,P-103",Radiation Therapy
C2638,"Brachytx, stranded, I-125",Radiation Therapy
C2639,"Brachytx,non-stranded,I-125",Radiation Therapy
C2640,"Brachytx, stranded, P-103",Radiation Therapy
C2641,"Brachytx, non-stranded,P-103",Radiation Therapy
C2642,"Brachytx, stranded, C-131",Radiation Therapy
C2643,"Brachytx, non-stranded,C-131",Radiation Therapy
C2644,Brachytx cesium-131 chloride,Radiation Therapy
C2645,"Brachytx planar, p-103",Radiation Therapy
C2698,"Brachytx, stranded, NOS",Radiation Therapy
C2699,"Brachytx, non-stranded, NOS",Radiation Therapy
C9734,"U/S trtmt, not leiomyomata",Radiation Therapy
G0339,"Robot lin-radsurg com, first",Radiation Therapy
G0340,Robt lin-radsurg fractx 2-5,Radiation Therapy
G6001 ,Echo guidance radiotherapy,Radiation Therapy
G6002 ,Stereoscopic x-ray guidance,Radiation Therapy
G6003 ,Radiation treatment delivery,Radiation Therapy
G6004,Radiation treatment delivery,Radiation Therapy
G6005,Radiation treatment delivery,Radiation Therapy
G6006 ,Radiation treatment delivery,Radiation Therapy
G6007 ,Radiation treatment delivery,Radiation Therapy
G6008,Radiation treatment delivery,Radiation Therapy
G6009,Radiation treatment delivery,Radiation Therapy
G6010,Radiation treatment delivery,Radiation Therapy
G6011,Radiation treatment delivery,Radiation Therapy
G6012,Radiation treatment delivery,Radiation Therapy
G6013,Radiation treatment delivery,Radiation Therapy
G6014,Radiation treatment delivery,Radiation Therapy
G6015 ,Radiation tx delivery imrt,Radiation Therapy
G6016 ,Delivery comp imrt,Radiation Therapy
G6017 ,Intrafraction track motion,Radiation Therapy
Q3001,Brachytherapy Radioelements,Radiation Therapy
77063,Breast tomosynthesis bi,Preventive Screens and Vaccines
77067,Scr mammo bi incl cad,Preventive Screens and Vaccines
80061,Lipid panel [only when billed with ICD-10-CM code  Z13.6] ,Preventive Screens and Vaccines
81528,Oncology colorectal scr,Preventive Screens and Vaccines
82270,Occult blood feces,Preventive Screens and Vaccines
82465,Assay bld/serum cholesterol [only when billed with ICD-10-CM code Z13.6] ,Preventive Screens and Vaccines
82947,Assay glucose blood quant [only when billed with ICD-10-CM code Z13.1],Preventive Screens and Vaccines
82950,Glucose test [only when billed with ICD-10-CM code Z13.1],Preventive Screens and Vaccines
82951,Glucose tolerance test (GTT) [only when billed with ICD-10-CM code Z13.1],Preventive Screens and Vaccines
83718,Assay of lipoprotein [only when billed with ICD-10-CM code Z13.6] ,Preventive Screens and Vaccines
84478,Assay of triglycerides [only when billed with ICD-10-CM code Z13.6] ,Preventive Screens and Vaccines
G0103,PSA screening,Preventive Screens and Vaccines
G0106,Colon CA screen;barium enema,Preventive Screens and Vaccines
G0118,Glaucoma scrn hgh risk direc,Preventive Screens and Vaccines
G0120,Colon ca scrn; barium enema,Preventive Screens and Vaccines
G0123,Screen cerv/vag thin layer,Preventive Screens and Vaccines
G0124,Screen c/v thin layer by MD,Preventive Screens and Vaccines
G0141,"Scr c/v cyto,autosys and md",Preventive Screens and Vaccines
G0143,"Scr c/v cyto,thinlayer,rescr",Preventive Screens and Vaccines
G0144,"Scr c/v cyto,thinlayer,rescr",Preventive Screens and Vaccines
G0145 ,"Scr c/v cyto,thinlayer,rescr",Preventive Screens and Vaccines
G0147,"Scr c/v cyto, automated sys",Preventive Screens and Vaccines
G0148,"Scr c/v cyto, autosys, rescr",Preventive Screens and Vaccines
G0327,Colon ca scrn;bld-bsd biomrk,Preventive Screens and Vaccines
G0328,Fecal blood scrn immunoassay,Preventive Screens and Vaccines
G0432,EIA HIV-1/HIV-2 screen,Preventive Screens and Vaccines
G0433,ELISA HIV-1/HIV-2 screen,Preventive Screens and Vaccines
G0435,Oral HIV-1/HIV-2 screen,Preventive Screens and Vaccines
G0475 ,HIV combination assay,Preventive Screens and Vaccines
G0476,HPV combo assay CA  screen,Preventive Screens and Vaccines
G0499,HepB screen high risk indiv,Preventive Screens and Vaccines
P3000,Screen pap by tech w md supv,Preventive Screens and Vaccines
P3001,Screening pap smear by phys,Preventive Screens and Vaccines
90630,Flu vacc iiv4 no preserv id,Preventive Screens and Vaccines
90654,Flu vacc iiv3 no preserv id,Preventive Screens and Vaccines
90655,IIV3 vacc no prsv 0.25 ml im,Preventive Screens and Vaccines
90656,IIV3 vacc no prsv 0.5 ml im,Preventive Screens and Vaccines
90657,IIV3 vaccine splt 0.25 ml im,Preventive Screens and Vaccines
90660,LAIV3 vaccine intranasal,Preventive Screens and Vaccines
90661,CCIIV3 vac no prsv 0.5 ml im,Preventive Screens and Vaccines
90662,IIV no prsv increased ag im,Preventive Screens and Vaccines
90670,PCV13 vaccine im,Preventive Screens and Vaccines
90671,Pcv15 vaccine im,Preventive Screens and Vaccines
90672,LAIV4 vaccine intranasal,Preventive Screens and Vaccines
90673,RIV3 vaccine no preserv im,Preventive Screens and Vaccines
90674,CCIIV4 vac no prsv 0.5 ml im,Preventive Screens and Vaccines
90677,Pcv20 vaccine im,Preventive Screens and Vaccines
90682,RIV4 vacc recombinant dna im,Preventive Screens and Vaccines
90685,IIV4 vacc no prsv 0.25 ml im,Preventive Screens and Vaccines
90686,IIV4 vacc no prsv 0.5 ml im,Preventive Screens and Vaccines
90687,IIV4 vacc splt 0.25 ml im,Preventive Screens and Vaccines
90688,IIV4 vacc splt 0.5 ml im,Preventive Screens and Vaccines
90689,Vacc iiv4 no prsrv 0.25ml im,Preventive Screens and Vaccines
90694,Vacc aiiv4 no prsrv 0.5ml im,Preventive Screens and Vaccines
90732,PPSV23 vacc 2 yrs+ subq/im,Preventive Screens and Vaccines
90740,Hepb vacc 3 dose immunsup im,Preventive Screens and Vaccines
90743,Hepb vacc 2 dose adolesc im,Preventive Screens and Vaccines
90744,Hepb vacc 3 dose ped/adol im,Preventive Screens and Vaccines
90746,Hepb vaccine 3 dose adult im,Preventive Screens and Vaccines
90747,Hepb vacc 4 dose immunsup im,Preventive Screens and Vaccines
90749,Unlisted vaccine/toxoid[only when used to identify a COVID-19 vaccine],Preventive Screens and Vaccines
90756,Cciiv4 vacc abx free im,Preventive Screens and Vaccines
90759,Hep b vac 3ag 10mcg 3 dos im,Preventive Screens and Vaccines
91300,Sarscov2 vac 30mcg/0.3ml im,Preventive Screens and Vaccines
91301,Sarscov2 vac 100mcg/0.5ml im,Preventive Screens and Vaccines
91302,Sarscov2 vac 5x10^10vp/.5mlim,Preventive Screens and Vaccines
91303,Sarscov2 vac ad26 .5ml im,Preventive Screens and Vaccines
91304,Sarscov2 vac 5mcg/0.5ml im,Preventive Screens and Vaccines
91305,Sarscov2 vac 30 mcg trs-sucr,Preventive Screens and Vaccines
91306,Sarscov2 vac 50mcg/0.25ml im,Preventive Screens and Vaccines
91307,Sarscov2 vac 10 mcg trs-sucr,Preventive Screens and Vaccines
Q0240,Casirivi and imdevi 600 mg,Preventive Screens and Vaccines
Q0243,Casirivimab and imdevimab,Preventive Screens and Vaccines
Q0244,Casirivi and imdevi 1200 mg,Preventive Screens and Vaccines
Q0245,Bamlanivimab and etesevima,Preventive Screens and Vaccines
Q0247,Sotrovimab,Preventive Screens and Vaccines
Q0249,Tocilizumab for covid-19,Preventive Screens and Vaccines
Q2034,Agriflu vaccine,Preventive Screens and Vaccines
Q2035,"Afluria vacc, 3 yrs & >, im",Preventive Screens and Vaccines
Q2036,"Flulaval vacc, 3 yrs & >, im",Preventive Screens and Vaccines
Q2037,"Fluvirin vacc, 3 yrs & >, im",Preventive Screens and Vaccines
Q2038,"Fluzone vacc, 3 yrs & >, im",Preventive Screens and Vaccines
Q2039,"Influenza virus vaccine, nos",Preventive Screens and Vaccines
